-adeqabad,-adeqabad(Iran (Islamic Republic of)),31.7265,54.0032
-afi,-afi(Iran (Islamic Republic of)),26.5699,53.9474
-anafir,-anafir(Egypt),30.219444399999997,31.168055600000002
-arawah,-arawah(Egypt),30.254166700000003,31.088888899999997
