10 de agosto,10 de Agosto(Ecuador),-1.2666667,-80.3833333
10 de novembro,10 de Novembro(Brazil),-27.033333000000002,-50.933333000000005
10 ramadan city,10 Ramadan City(Egypt),30.3,31.75
100 acre lots,100 Acre Lots(Zimbabwe),-20.2086111,28.721388899999997
100 yil sitesi,100 Yil Sitesi(Turkey),39.887403000000006,32.799381
100. yil koyu,100. Yil Koyu(Turkey),40.744656,39.692999
103 chang qingniandian,103 Chang Qingniandian(China),44.907284999999995,127.824479
10th mile bazaar,10th Mile Bazaar(Malaysia),1.433333,110.316667
10th of ramadan city,10th of Ramadan City(Egypt),30.3,31.75
