jcheibi el gardeg,Jcheibi el Gardeg(Western Sahara),27.266666700000002,-10.383333300000002
