jj baz,JJ Baz(Mexico),18.8125,-96.820833
jj tappeh,Jj Tappeh(Iraq),34.3333333,44.9833333
jjingshui,Jjingshui(China),27.507278000000003,117.59829599999999
jjokdari,Jjokdari(Korea),37.428333,127.68305600000001
jjokseom,Jjokseom(Korea),37.291111,127.79361100000001
jjovy,Jjovy(Paraguay),-20.3,-60.1
