jvabah,Jvabah(Indonesia),2.6428,96.1935
jvanaj,Jvanaj(Albania),42.285277799999996,19.437777800000003
jvari,Jvari(Georgia),42.2,43.5666667
jvari,Jvari(Georgia),42.71388889999999,42.053611100000005
jvarik'et'i,Jvarik'et'i(Georgia),41.6333333,42.45
jvarisa,Jvarisa(Georgia),42.375555600000006,42.8061111
jvershorn,Jvershörn(Germany),53.916667000000004,9.15
