n`amaniya,N`amaniya(Iraq),32.5602778,45.4027778
n`ina`ah,N`ina`ah(Iraq),35.966666700000005,43.3166667
