q tajmohd,Q Tajmohd(Afghanistan),34.187636,64.07215699999999
