u,U(Micronesia (Federated States of)),6.950277799999999,158.2711111
u,U(Panama),8.8458333,-80.2413889
