u`aywij,U`aywij(Saudi Arabia),28.816856,44.06015
u`tu al waqf,U`tu al Waqf(Egypt),28.556111100000003,30.741944399999994
