wgem,Wgem(Micronesia (Federated States of)),9.450833300000001,138.06916669999998
