xvai ngnong,Xvai Ngnông(Viet Nam),10.933333,105.53333300000001
xvarsi,Xvarsi(Russian Federation),42.908834000000006,46.137667
xvarsini,Xvarsini(Russian Federation),42.94361,45.857977000000005
