yhaca,Yhacá(Paraguay),-25.633333,-56.683333
yhaca rugua,Yhacá Ruguá(Paraguay),-25.65,-56.7
yhacangauzu,Yhacangauzu(Paraguay),-25.95,-56.483332999999995
yhai,Yhai(Viet Nam),15.666667000000002,107.816667
yharauien,Yharauien(Morocco),35.148434,-3.4883230000000003
yhaty,Yhaty(Paraguay),-25.733333,-56.516667000000005
yhema,Yhéma(Guinea),8.4666667,-10.633333300000002
yhoachren,Yhoachren(Morocco),35.146203,-3.172094
yhu,Yhú(Paraguay),-25.05,-55.916667000000004
