z`aybir,Z`aybir(Lebanon),34.1666667,35.7
z`elim,Z`elim(Israel),31.203034000000002,34.534731
