zpupna lhota,Zpupna Lhota(Czechia),49.762384000000004,18.609503
